apathetic,assumptions,symptoms,judgmental,medication,therapy
"You are meeting with a woman that alleges spousal abuse by her husband (verbal and physical). She shares that he would like to join in on future sessions in an effort to repair the relationship, and your client is amenable to this. Would you allow the husband to join in on a session?","My parents have always been difficult to deal with, and never supported me emotionally. I don't have a close relationship with them, and I don't want to visit over the holidays -- but I am worried as to what this might do if I didn't attend. What should I do?","My mother has often struggled with depression, and apparently has ever since I was born. I want to help her, but I'm not sure how I can or what exactly is going on. She doesn't have many friends and is afraid of going outside. What could be going on, and how can I support her?","Nothing I do ever seems to go right. There's always a problem, and I don't have many people I can talk to about it. Sometimes I wonder if things would be better if I wasn't around any longer. What should I do? I feel like other people don't have these same struggles...","I struggle with anxiety all the time -- at school, at home, in social situations. How can I make this better?","Is there a way to get over my trauma? I had a really hard life growing up and it impacted me a lot, and I would like to not have this drag me down so much. "
"Your client is about to graduate from their master's program, and they would like for you to attend. You have been working with this client for several years, and they attribute their success in large part to your ongoing help. What would you say to them?","I have a friend that has borrowed money from me in the past and has yet to pay me back. Today they said they would not be able to pay their rent this month unless I help. I am worried about doing so, but I don't want something bad to happen to them. Should I lend them the money?","My girlfriend seems to always be on the go -- rarely sleeping, hardly eating, always talking about her dreams and aspirations. She makes time for fitness and work, but doesn't seem able to stay on task for much else. It harms our relationship, and I'm wondering if this could be a sign of bipolar disorder?","Sometimes I can't stop eating. I get so hungry all the time, and no matter how hard I try, I just keep on eating, long after I'm full. I always regret it afterwards. Is something wrong with me?",How can I work to improve on feeling depressed all the time? It makes it hard to go to work or do much of anything most of the time. ,How can I work to find more meaning in my day-to-day life?
"If a person gets individual counseling and decides to bring their partner in for couples counseling, is it acceptable for the counselor to take the partner aside to hear their point of view, then come back and express they are taking sides with the partner rather than the client who gets individual counseling?","My best friend wants to stop being friends with me and it's making me feel depressed and anxious. She doesn't care how I feel. Sometimes she says she is open to working things out, but most of time she is distant and angry. Do I have to just accept it if she doesn't want to be my friend anymore, even after 20 years?",My mom has been acting really strange lately. One minute she is all excited and active and the next she is very down and depressed. It is affecting our whole family and I feel like she may just be acting out for attention. Do you think that she could really have a serious problem?,I feel so stupid for having been broken up with after only a few weeks. I must have really been a bad girlfriend. I feel like a failure and like something is wrong with me. I hit myself sometimes because I deserve it. How could I have not kept a boyfriend for even a month?,How can I better manage my depression symptoms?,How can I stop being so negative all the time? It's really hard for me to think about anything positive and I would like to improve this about myself. 
Is it acceptable for a counselor to ask a child client who is being bullied what they did to provoke the bully and take sides with the person bullying them?,"I heard a rumor that I may be fired soon and I'm a wreck over it. Some colleagues say I may have a chance to do better and stay, but I feel so low and depressed over even the thought of them considering firing me. I've been having troubles in my relationship. Do I just have to accept that at work they don't care about my personal issues and leave if they ask me to?","My new friend has been texting me constantly, checking in to make sure she didn't say anything to make me not want to be friends with her. Sometimes I'm not sure if she's joking or not because it is a bit ridiculous how often she messages me. ","I get so anxious sometimes I pull my hair out. I almost don't have anymore eyelashes or brows. I feel like a loser for not being able to control this, but I just can't stop. And then I feel even more anxious and bad about myself.",I feel lightheaded when I have to talk in front of a group. How can I control myself better so I don't get nervous and feel this way?,"Is it possible for me to ever get past my abusive relationship? I want to forget about the trauma and move on.
"
"If a couple is seeking couple's therapy, is it ever appropriate for the therapist to meet individually with one member of the couple individually, without the consent of the other participating adult in the couple?  ","I just gave birth to our second child 6 months ago. I am exhausted, overweight, feel bad about myself, and my husband gives me no support. He complains I do not spend enough attention on him and is not willing to go to therapy. He threatens to leave me and says then I will see what it is like to be alone. what should I do?","I am on social security and have a budget. My son has been coming over the house to help with some work that needs to be done, and I think Im missing money,. It has to be him, no one else comes over and knows where i keep my money. I am going to confront him.","I recently discovered my boyfriend of 8 years is cheating on me. The girl is so pretty and skinny, which makes me feel more awful about the situation. I feel horrible about myself and the only thing that makes me feel better is alcohol. Ive been drinking over a bottle of wine a night. I cant be skinny and pretty like her, so I might as well numb my feelings about it. This is okay, right?","I have been reading about adult ADHD and I think I have it. Ever since Covid, I am having difficulty focusing on work and I keep procrastinating. How can I stop?",I have been diagnosed with PTSD.  I keep having flashbacks of the event and my hypervigilance is more aroused than usual. I cannot continue to lead a normal life living like this. Please help
Would it ever be appropriate if a therapist utilized second hand information to confront a client? ,"My wife recently lost a great deal of weight due to a weight loss drug. She is going out, staying out late, not answering her phone, and being distant. I do not want to live like this and I am thinking of leaving her. What do you think?","My friends makes plans and always cancel. Yet, last week i saw they posted a picture of them out to dinner, but I wasn't invited. I cant believe they would be that rude and immature to plan things behind my back. I am going to send a group text and let them know how immature they are acting","i just turned forty and I hate my life. I am not where I thought I would be and worse yet, I am still single. I have been going out and getting drunk, hooking up with men I dont know. Sometimes I just have sex with them outside the bar and we do not use protection. I am on the pill so that protects me from getting pregnant.  I always ask the guy before we have sex if he is disease free. That is okay right? ","I was in therapy once, 4 years ago for PTSD, It did nothing for me and I know it is not going to work again. But I need help. What do i do?","My best friend passed away unexpectedly 7 years ago. I still miss him, and cry every day. I know it is not normal, but I dint know how to stop. What do you think ,might help?"
"If two parents are in a custody battle, is the counselor allowed to speak with both parents? Can the counselor write a letter or testify for court regarding which parent is better and who the child should be with? ","My partner is going through severe mental health issues and has made several comments about being suicidal when in arguments. If I try to take space for myself or set boundaries with them, they threaten suicide. I don't want them to hurt themselves, but I need to take care of myself. What do I do?","My child is saying they have a friend named ""Bob"" who has lived over 100 years and is talking to them on a regular basis. ""Bob"" does not seem to harm them or scare them, but more annoys them. I'm not sure if this is a ghost, a hallucination, or an imaginary friend. What do I do?",I have been feeling really upset recently about every little thing and worried constantly that something bad is going to happen. My mom is not concerned and won't get me help. Is this normal to struggle with? ,I am a teacher who sees one of your clients. I am worried that they are experiencing anxiety all the time and seem to have a low distress tolerance threshold. I think you should talk to her mom about getting medication.,I have been dealing with self harm for years and have never found any coping skills that work for me. No therapists seem to help.
"If a parent asks a counselor to share every detail of session with them after every single appointment with their child, is the counselor ethically allowed to do so? If not, what information can they share?",My child has a history of severe trauma and has made suicidal statements throughout the years at school to get out of assignments and get attention from teachers. She is not suicidal and she has never said this to me at home. I think she's doing it for attention; does she need therapy?,"My child is making up stories about going out at night in a ski mask to cut people's hair on the streets. I know that she is not doing this, because I keep all the doors and windows locked at night and no one needs a haircut on the streets in the middle of the night. Why is she making things up?","I feel like I can't focus on anything and get so frustrated all day long because I have so many thoughts running through my head at once. My teacher thinks maybe I have ADHD, but my dad says this is normal and I just need to learn to deal with it. Is this how everyone's brain works? Am I normal or do I have ADHD?","My child is dealing with depression and has suicidal thoughts but I had a really bad experience taking Zoloft, and I don't want my child to be on Zoloft. Are there other options, or should we just not consider medication? ",I am autistic and have struggled to find ways to deal with meltdowns and shutdowns. My therapists don't seem to understand and CBT doesn't help. 
"If a minor is in therapy and discloses that their guardians routinely knowingly expose the minor to the minor's past abuser at social events, but the minor denies ongoing, recent abuse, and the guardians refuse to follow the therapist's advice to stop exposing the minor to the abuser, does the therapist need to call Child Protective Services as a mandated reporter? Would this unethically/illegally break confidentiality, especially if the minor asks not to report? Would it cause more harm to call and potentially destroy the necessary therapeutic relationship?","I had a panic attack at a friend's birthday party. Instead of her or anyone trying to help, my friend instead recorded a video and posted it on TikTok and now my panic attack has gone viral. Should I ghost my friend? Should I give her the benefit of the doubt and allow some time for her to apologize and give an explanation? ","Recently, my friend has been forgetting things frequently, like what day and year it is, or feeding his pets. He never used to be like this. Is something wrong, or am I just paranoid?","I’m in college and I feel like a complete failure. I stay up all night trying to perfect every paper, and I still feel like I’m not doing enough. I cry if I don’t get an A, and sometimes I go days without sleep. Other students seem to handle things just fine. Why am I like this?","My mood has improved some since undergoing TMS, but my motivation, energy, and ability to be productive are all still diminished. What else can I try?","I can't seem to keep friends in my life, and I've been called narcissistic. I don't think I'm a narcissist. How do I convince people I'm not?"
"Is it okay for a therapist to abruptly terminate treatment due to extreme countertransference and an unrepairable rupture with the client's legal guardians, even if referrals were provided? Are therapists allowed to terminate treatment for any reason without explanation?","My mom and I are having a fight. She calls me ""lazy"" because my room is a mess, even though I've told her I have hoarding disorder. Am I lazy?","My 10-year-old daughter has started staring off into space for long periods and doesn’t respond when I call her name. She was outgoing, but now she’s quiet and doesn’t want to play with friends. What could be going on?","Sometimes I feel like I shouldn’t be this upset because other people have gone through worse. I can’t stop having flashbacks, and I think about the past constantly. I don’t know why I’m still stuck in it. I haven’t been through anything that bad. Am I being dramatic?",I've been hearing voices telling me to do things I don't want to do. What should I do to make them stop?,"How can I stop dissociating? I know it helped me survive some situations in the past, but now it's unhelpful."
"A woman with a history of substance use that includes several treatment programs and relapses discloses to her counselor that the man she has been living with has recently relapsed. She stated that she remains clean but that her partner keeps leaving his drugs out in the open, which has begun to trigger some old cravings. Last night, she said, when she gently challenged him about his relapse and whether he would consider entering treatment, the discussion quickly escalated to the point that he raised his open hand as if he were going to slap her. In today's counseling session, she asks if she could bring him to her next session so that he could hear from a neutral party how his behavior is affecting her own recovery. What would be the most appropriate response from the counselor?","Now that I have been diagnosed with Stage IV leukemia, my treatment options are supposedly limited. Yesterday my oncologist mentioned palliative care, which was a new term for me. I looked it up when I got home and just got more depressed. I know that new cancer treatment keep popping up and that more and more people live for years after a Stage IV diagnosis. I think I just need to rest up a bit and then go full force getting a second or even a third opinion. There's got to be some experimental treatment out there that would take me on as a test subject. How could you help me muster up the courage and determination to forge on?","My daughter Laila just started third grade at a new school and comes home talking about her new friend, Kendra. Kendra sounds like a fun girl, so I suggested that we talk to Kendra's parents about having her come over to our house. When I spoke to the teacher, however, it turns out there is no one named Kendra at school. Laila's never had an imaginary friend before and has had a good grasp of reality versus fantasy for the past couple years. I'm wondering what might be going on for her to be regressing like this. ","I feel like I'm just losing it these days. I the past when I would get stressed out, I would occasionally twirl my hair and sometimes it would get tangled. Not long ago I started to pluck a hair or two that would dangle in my face by last week I was so maxed out that I plucked almost all the eyelashes off from my right eyelid before I could stop myself. I think some of my classmates noticed -- giving me weird looks. I'm starting to feel like a freak and just want to go back to being normal. Is that too much to hope for?","After three failed diets over the past year, I think it's finally time that I get on one of those new weight control prescriptions. I still go to the gym four times a week but I've gained 20 pounds over the winter. Should I just stick with talk therapy and my self-help efforts or do the new medications really help maintain a healthy weight for someone with my history?","Most days are good but sometimes, clear out of the blue, that knife-point robbery just pops into my head. How can I put that in the past once and for all?"
"Stefan, a full-time college student working 30-hours per week, just failed two mid-term exams. Although he needs to keep his job to pay the bills, earning a degree is his top priority. In today's counseling session he disclosed that when he approached his supervisor about reducing his hours until the end of the semester, the supervisor brushed off his request and said that there was no one else who could be relied upon to open up and close the shop right now. Stefan has been working on becoming more assertive and asks his counselor for suggestions on how best to make a case with his supervisor for cutting back to 20 hours a week. What would be the most appropriate response from the counselor?","I know that I said I had stopped drinking three months ago but the truth is that I've been having one or two on a Friday night lately. Last week, it ended up being three or four...I really don't know because once my friend ordered a round of shots I kind of lost track. So now I have another DUI on my record, the third one in the past five years. I'm probably looking at some serious jail time but I'm willing to have one of those ankle bracelets. It would be so much easier just to have that kind of a monitor. Then I can go about my life as usual and get this mess behind me. Could you help me talk through my list of friends so I can decide who to ask to be a character witness for me?",I'm really worried about my mother. She's always been a little disorganized and forgetful  but now she's missing doctor's appointments  and even locked herself out of the house last week. Dementia runs on her father's side of the family. What other symptoms should I be on the look out for and how do I talk to Mom about going in for a screening when she thinks that she's just having a senior moment now and then?,"My new high school is incredibly cliquey. Seems like everyone belongs to a tight group and every group wants nothing to do with the others. I'm definitely not a jock or a nerd so now I'm feeling pressure to join the theater kids. I think I want to start my own group: ""The Normal Ones."" After all, what's wrong with just being normal these days?","I feel like this counseling has helped with my self-esteem and not blaming myself so much for all of my problems but I still go on a drinking binge at least once a month. What are the quickest ways for me to cut down on alcohol, maybe even get sober once and for all?","I see that you've been glancing down at my arms. Yeah, those are some new scratches on both sides. Sometimes I don't even notice that I'm scratching myself until the skin breaks. It's time that I put a stop to this before I get some permanent scars, but how?"
"""My ex-husband is taking me back to court for custody and I need evidence to show he’s emotionally abusive. Can my child’s therapist testify in court on my behalf and share details of what my child said in therapy?""","""My boyfriend broke up with me because he says I’m too emotional and needy. I’ve been really depressed since then and keep texting him, but he’s ignoring me. I know he’s stressed with work and life. Shouldn’t he be more understanding and willing to talk to me?""","""My teenage son spends hours locked in his room talking to himself and laughing at nothing. He’s been really withdrawn lately. Could he be developing schizophrenia, or is this just normal teen behavior?""","""I get so angry at myself when I mess up even a little thing. Sometimes I hit myself or pull my hair because I’m so frustrated with being stupid. Is it weird that I do this? I don’t think other people do it.""","""I was recently diagnosed with generalized anxiety disorder, and nothing I’m doing seems to work. Should I ask my doctor for Xanax or something stronger?""","""How can I stop replaying fights with my parents in my head every day? I want to stop holding grudges and just move on, but I don’t know how."""
"""My teenage daughter recently told me she doesn’t want to live with me anymore and wants to stay full-time with her dad. I’m devastated and worried about what he’s saying to her. Is it okay for me to ask her therapist to convince her to stay with me?""","""My adult daughter told me she needs space from me because she feels I’m too involved in her life. I’ve always been a caring, supportive parent. Is it really fair that she’s pushing me away after everything I’ve done for her? Should I just wait for her to come back around?""","""My coworker always looks like he’s talking to someone under his breath, but no one’s around. Sometimes he laughs randomly at work. Should I be worried he’s hearing voices or losing touch with reality?""","""I feel like everyone around me is happy, confident, and knows what they’re doing, and I’m the only one who feels empty and fake all the time. Is it normal to feel like nothing matters even though I have a good life?""","""I’ve been feeling really depressed for weeks and can’t get out of bed. I don’t want therapy because it hasn’t helped in the past. What medication do you think would work for me?""","""I’m tired of always feeling like I’m not good enough because of how my ex treated me. What steps can I take to rebuild my self-esteem and stop overthinking the past?"""
Can a couples counselor also be the individual counselor for one party in the marriage? What could you do as a counselor in this scenario if you were told during individual counseling that your client was cheating on their spouse? Do you have an obligation to respect the confidentiality of your individual client or do you break confidentiality and bring it up during couples counseling?,"My partner (they/them) has been unsupportive in our relationship for some time. Although I have never broken their trust, they still often ask me if I'm ""cheating"" and in the past have asked to look through my phone (checking my calls, texts, even my pictures). I do have some trauma that I need to work through in therapy and these behaviors are triggering for me at times. Is it better for us to find a couples counselor to work through whatever problems we have or for me to find my own individual counselor to work through my trauma?","I have found myself struggling in grad school to focus on the difficult workload. I have always been a high achiever in school and people expect great things from me. I have always been told that I am a brilliant student and learner and my work is always done with such attention to detail, but personally I feel like it takes me twice as long as other students to complete any work. When my friends might be finished with their work and having fun I would often only be halfway done. What can I do to work on my attention?","I am a middle schooler in the 7th grade. Recently I started watching videos online that my parents wouldn't approve of. My friends say it's normal to explore my sexuality and look at things that I'm really interested in, but I also feel this big guilt. I know if my parents found out they would ground me forever, so does that mean what I'm doing is wrong?","My son has struggled with his extreme hyper ""zoomies"" (as we call them) for as long as any of us can remember. Ever since he was walking he wouldn't stop. He beats to his own drum and none of us can keep up. We put him in all kind of sports after school but surprisingly he doesn't seem to love any of them. Right now is basketball season and my husband and I can tell he isn't enjoying himself, but its just so helpful that he comes home wore out. Any day he goes to bed before 11pm is a miracle to us. Are we wrong for making him do sports to get his zoomies out?","I have a very negative relationship with my mother. She is often overbearing, demanding too much from me, and treating me like a servant. I thought this would get easier when I moved out of the house but she still calls me constantly and comes over unexpectedly at least twice a week. Every favor from her comes with strings attached but she expects me to drop everything and do any favor I can for her constantly. How can I put my foot down in a way that she'll respect?"
"While counseling in a school setting, your client tells you about another student who has been breaking school rules on school grounds such as selling vapes or vandalizing classrooms. The administration does not know who the perpetrator is, but you now do. Is it an ethical break of confidentiality for you to inform your school administration? 
In this same setting - what if your client was the perpetrator? ","I have been in private practice for about 3 years and have noticed a lot of hostility towards me regarding my political affiliation recently. I have never felt the need to be outspoken about the way I vote, but coworkers and even clients have been able to find those records online (my social media is private, but I suppose voter registration isn't). My coworkers started treating me very differently, and I have had a few clients ask to switch to a new counselor in the practice simply because of what party I'm registered with. I expect this to die down once the current election cycle is over. Should I stay at my private practice until then and see if things get better, or look for a new job in a county that aligns more with my beliefs?","My four year old daughter has been struggling with her milestones for as long as I can remember. Potty training has been an absolute nightmare, she refuses to go and will even sit on the toilet crying for half an hour while refusing to ""go"" at all. In fact she's never once used the toilet correctly. She gestures at herself in the mirror, looking at herself is one of her favorite hobbies, but anytime one of us is looking at her it feels like she's looking through us instead of at us. 
We were hoping that a half day at preschool would be helpful for her to develop out of these issues but they seem to persist. What can we try next?","My parents got divorced recently and I don't care. They want me to go to counseling to talk about my feelings to someone but I've thought about my feelings a lot and I've decided I just don't care! I don't feel anything when I think about it or when they bring it up, I don't even know what I would talk about in therapy it would just be a waste of my time. They should be the ones in counseling because they still argue and fight anytime they're around each other. Should I still go through with it just to make them happy? I could also convince them that counseling will take away from my homework time and maybe then I won't have to go. ","My wife has always had very big mood swings, it was something I accepted long before we got married. In the past they would never be so severe but I could always tell when he mood was different for no good reason. These days they happen more often and more severely. I come home from work every day and I never know which Carol I'll be greeted by. Last week I came home to her dying her own hair in our sink by herself! I haven't seen someone do that since high school! What can we do to help her control these moods?","I have really bad test taking anxiety and I would like some advice. I generally have bad anxiety most days but my deep breathing keeps it under control, but once the big tests come up it's like my breathing skill just stops working. What else can I try?"
"If there is a couple in couples counseling, and you see one of them for individual sessions and they disclose infidelity would it be acceptable to make the one who is unfaithful disclose this information to the other partner?","I have a close friend who started to stand me up after I disclosed my feelings for him. When I initially disclosed these feelings he said that nothing would change between us as far as our friendship but he didn’t want to explore  a romantic relationship. When I try to reach out to him to talk about it, he doesn’t want to address it. I feel like this is not fair because he told me it would be fine. I want me friend back, I don’t know what to do.",I have a good friend of mine who is losing a lot of weight recently. We are together a lot and I see that she eats as she has always done and she has not mentioned exercising more than usual. I suspect she might be on a weight loss drug but she’s not letting me know. Is she trying to trick everyone into thinking she’s being healthy but she’s really on a weight loss drug?,I am a new mom and I love my baby but I feel like my life is over. Like I will never be able to do anything for myself again because I have a child to care for. My husband is great and does not seem to feel this way which makes me feel even more like a bad person. I feel like everyone other mom is so happy to be a mom and here I am complaining. ,I am struggling with incontinence and it is very embarrassing and fuels my anxiety. I have tried wearing discreet diapers but I still feel like people can see them and I smell. It keeps me from being social or being intimate with anyone. What can I do?,How do I stop thinking so irrationally about death? It controls my entire life and stops me from doing fun things. I want to be able to live my life to the fullest without thinking of death all time.
If you have a client who works at a factory with large machinery and he discloses he is alcoholic and drinks before every shift would it be acceptable for the counselor to report him to his job due to this dangerous behavior?,My son and daughter in law had a baby who is 4 weeks old now. They have not invited me to come over and see the baby since I saw him in the hospital. I did not have a good relationship with my son once he became an adult because we did not agree on the lifestyle he was living. I was under the impression that we had made up and things were better but apparently not. I am guess I am supposed to sit around and wait on him to call me and give me permission to be in their lives? This is very upsetting and I don’t like being left out like this.,"Lately I have been feeling very fatigued, my hair is falling out, I have gained weight and some more concerning symptoms. My husband says it’s most likely my depression and although that might be somewhat true I think something else is going on. Every time I tell him that I think it’s more than depression, he tells me I wrong. Is he gaslighting me?","I am in my mid 20s and have never had a boyfriend. All of my friends and it seems like the whole world is getting married and I have never even had a boyfriend, it’s so disheartening. What is wrong with me? How come everyone in the world is able to find a partner but me?",I am on a medication for my depression and I have started to get tremors. They are getting so bad I am unable to work. I don’t want to tell me doctor because I need the medication-it helps but the tremors are getting out of hand.,"I am having a really hard time communicating with my spouse. He tends to yell and I tend to keep things inside, it makes for a lot of relationship issues. He says I’m the problem, I know I am some of the problem but would like help learning how to express my feelings appropriately."
How do counselors navigate working with a minor with parents who are divorced? Do both parents have to agree for the child to come to therapy? I want to bring my child without including my ex-spouse. , What to do when my husband does not want me to get mental health help? Does he have to know? Will insurance notify him of me using services?,How do I confront my husband when I hear him talking to someone else?,How can I get skinny fast? What are accessible ways someone underage can get skinny fast? ,What do I do when I cannot stop thinking about the same thing over and over?,How do I grow into a new person? What are some ways I can help myself? 
Do both parents have to be involved in a child's therapy if they are divorced? How does the divorce agreement come into place?, How involved should my partner be in my counseling process? Do you think it would help with keeping our marriage together?,Is my husband schizophrenic? ,Where can I find help for low self esteem? What to do when I do not like myself or my image? ,How can I make my thoughts stop? Are there any ways to make my anxiety stop fast? ,How do I become a better person? There are people I have in my life that suggest I need to change. How do I do that? 
